{
  "timestamp": 1777863464.283809,
  "quality_signal": 0.6546220452755322,
  "coupling_score": 0.016055045871559634,
  "cycle_count": 0,
  "god_file_count": 2,
  "hotspot_count": 0,
  "complex_fn_count": 24,
  "max_depth": 4,
  "total_import_edges": 436,
  "cross_module_edges": 389
}